Spotify ID,Artist IDs,Track Name,Album Name,Artist Name(s),Release Date,Duration (ms),Popularity,Added By,Added At,Genres,Danceability,Energy,Key,Loudness,Mode,Speechiness,Acousticness,Instrumentalness,Liveness,Valence,Tempo,Time Signature
1LTT4IZU9lOOBlKHURdQ65,"4GNC7GD6oZMSxPGyXy4MNB","Lost On You","Bloom - EP","Lewis Capaldi",2017-10-20,195579,40,spotify:user:,2020-11-27T11:38:04Z,"pop,uk pop",0.565,0.241,10,-10.814,1,0.0742,0.913,0,0.0968,0.423,126.295,4
12OLyHDxt6dqlAybSPFBK3,"4GNC7GD6oZMSxPGyXy4MNB","Forever","Divinely Uninspired To A Hellish Extent","Lewis Capaldi",2019-05-17,210863,76,spotify:user:,2020-11-27T11:38:04Z,"pop,uk pop",0.646,0.355,1,-7.119,1,0.0263,0.873,0,0.115,0.364,84.988,4
5C1TucCRf4Vjjree1OItyv,"4GNC7GD6oZMSxPGyXy4MNB","One","Divinely Uninspired To A Hellish Extent","Lewis Capaldi",2019-05-17,179907,68,spotify:user:,2020-11-27T11:38:04Z,"pop,uk pop",0.708,0.339,9,-7.085,1,0.0409,0.834,0,0.128,0.512,117.995,4
4Of7rzpRpV1mWRbhp5rAqG,"4GNC7GD6oZMSxPGyXy4MNB","Bruises","Divinely Uninspired To A Hellish Extent","Lewis Capaldi",2019-05-17,220492,83,spotify:user:,2020-11-27T11:38:04Z,"pop,uk pop",0.736,0.308,4,-7.83,1,0.0677,0.946,0,0.186,0.361,111.202,4
1NxHgM5nOnmqi3KUVLbaIw,"4GNC7GD6oZMSxPGyXy4MNB","Leaving My Love Behind","Divinely Uninspired To A Hellish Extent (Extended Edition)","Lewis Capaldi",2019-11-22,210213,71,spotify:user:,2020-11-27T11:38:04Z,"pop,uk pop",0.409,0.446,2,-4.836,1,0.0317,0.65,0,0.0862,0.135,75.638,4
1abFkY2jm6KDFMZ7RD9YJh,"5xkAtLTf309LAGZTbvULBn","Painkiller","Painkiller","Ruel",2019-04-30,213597,60,spotify:user:,2020-11-27T11:38:04Z,"alt z,australian alternative pop,pop",0.675,0.414,5,-6.508,1,0.0569,0.105,0,0.192,0.439,128.927,4
4CxFN5zON70B3VOPBYbd6P,"3gIRvgZssIb9aiirIg0nI3,5JMLG56F1X5mFmWNmS0iAp","you were good to me","brent","Jeremy Zucker,Chelsea Cutler",2019-05-03,219146,76,spotify:user:,2020-11-27T11:38:04Z,"alt z,electropop,pop",0.561,0.0848,2,-15.099,1,0.0404,0.913,0.0000262,0.112,0.206,102.128,4
2weuLbzYrptvPuAWykOI0V,"2wY79sveU1sp5g7SokKOiI","One Day At A Time","The Thrill Of It All (Special Edition)","Sam Smith",2017-11-03,209380,0,spotify:user:,2020-11-27T11:38:04Z,"pop,uk pop",0.502,0.32,1,-7.95,1,0.0342,0.775,0,0.113,0.337,129.356,4
0pEkK8MqbmGSX7fT8WLMbR,"4GNC7GD6oZMSxPGyXy4MNB","Grace","Divinely Uninspired To A Hellish Extent","Lewis Capaldi",2019-05-17,185657,74,spotify:user:,2020-11-27T11:38:04Z,"pop,uk pop",0.722,0.565,4,-5.848,1,0.0335,0.435,0,0.165,0.488,104.483,4
0D2xguFRqCF0OUqXCkqrpU,"5xkAtLTf309LAGZTbvULBn","Hard Sometimes","Free Time","Ruel",2019-09-13,269493,62,spotify:user:,2020-11-27T11:38:04Z,"alt z,australian alternative pop,pop",0.407,0.317,10,-7.895,1,0.0429,0.845,0.00000266,0.139,0.216,81.899,4
3XlzpaHje8MlpaGe8twgr7,"20wkVLutqVOYrc0kxFs7rA","A Cappella","Pilgrim's Paradise","Daniel Caesar",2015-11-12,88916,59,spotify:user:,2020-11-27T11:38:04Z,"canadian contemporary r&b",0.191,0.314,9,-10.949,0,0.0347,0.862,0.00000257,0.171,0.121,70.03,5
3b5LW3nS3WFQyS1e8ajGJN,"2wY79sveU1sp5g7SokKOiI","Leave Your Lover","In The Lonely Hour","Sam Smith",2014-05-26,188377,61,spotify:user:,2020-11-27T11:38:04Z,"pop,uk pop",0.415,0.264,4,-8.741,1,0.0475,0.948,0.00000631,0.106,0.357,92.879,5
7ce20yLkzuXXLUhzIDoZih,"4GNC7GD6oZMSxPGyXy4MNB","Before You Go","Before You Go","Lewis Capaldi",2019-11-19,215106,75,spotify:user:,2020-11-27T11:38:04Z,"pop,uk pop",0.459,0.575,3,-4.858,1,0.0573,0.604,0,0.0885,0.183,111.881,4
2QdVcmVPIxW826rRJDf58l,"5xkAtLTf309LAGZTbvULBn","Face To Face","Free Time","Ruel",2019-09-13,203746,61,spotify:user:,2020-11-27T11:38:04Z,"alt z,australian alternative pop,pop",0.711,0.634,9,-4.351,1,0.0668,0.139,0,0.103,0.356,90.04,4
4JqBEOe3EKTumJj9Qyoagh,"5fywYLnKJi950Y5yMqavxm","Burning - Stripped","Burning (Stripped)","Etham",2019-08-30,229789,29,spotify:user:,2020-11-27T11:38:04Z,"singer-songwriter pop",0.463,0.334,0,-6.994,0,0.0317,0.799,0,0.122,0.411,68.646,3
5Nm9ERjJZ5oyfXZTECKmRt,"2wY79sveU1sp5g7SokKOiI","Stay With Me","In The Lonely Hour","Sam Smith",2014-05-26,172723,86,spotify:user:,2020-11-27T11:38:04Z,"pop,uk pop",0.418,0.42,0,-6.444,1,0.0414,0.588,0.0000639,0.11,0.184,84.094,4
5uGjeXi3epIE8N2ITkxIQ5,"4GNC7GD6oZMSxPGyXy4MNB","Hollywood","Divinely Uninspired To A Hellish Extent","Lewis Capaldi",2019-05-17,191843,59,spotify:user:,2020-11-27T11:38:04Z,"pop,uk pop",0.723,0.669,10,-4.897,1,0.0527,0.553,0,0.0959,0.732,125.038,4
5VjTlCuX8C11QDunDwvyNh,"5xkAtLTf309LAGZTbvULBn","Say","Ready","Ruel",2018-06-15,227433,58,spotify:user:,2020-11-27T11:38:04Z,"alt z,australian alternative pop,pop",0.617,0.315,3,-7.998,1,0.0326,0.771,0,0.0809,0.447,119.822,3
0qynxleiY0wavOijAW9trC,"3KedxarmBCyFBevnqQHy3P,20wkVLutqVOYrc0kxFs7rA","Figures, a Reprise","Figures, a Reprise","Jessie Reyez,Daniel Caesar",2018-03-26,192826,58,spotify:user:,2020-11-27T11:38:04Z,"canadian contemporary r&b,canadian pop",0.506,0.412,7,-5.64,1,0.137,0.667,0,0.0983,0.195,173.115,3
3yb2hJ1kKDEhLo3qfw7zlr,"2wY79sveU1sp5g7SokKOiI","How Will I Know","In The Lonely Hour (Drowning Shadows Edition)","Sam Smith",2015-11-06,232234,53,spotify:user:,2020-11-27T11:38:04Z,"pop,uk pop",0.426,0.132,0,-12.346,1,0.0787,0.945,0,0.0809,0.283,85.039,4
4QGHin0gSqzPrPJhPU5gWn,"4GNC7GD6oZMSxPGyXy4MNB","Don't Get Me Wrong","Divinely Uninspired To A Hellish Extent","Lewis Capaldi",2019-05-17,213091,55,spotify:user:,2020-11-27T11:38:04Z,"pop,uk pop",0.57,0.324,4,-7.866,1,0.0374,0.837,0,0.109,0.137,79.858,3
1TPLsNVlofwX1txcE9gZZF,"20wkVLutqVOYrc0kxFs7rA","We Find Love","Freudian","Daniel Caesar",2017-08-25,254919,70,spotify:user:,2020-11-27T11:38:04Z,"canadian contemporary r&b",0.51,0.363,5,-8.635,1,0.0304,0.853,0,0.109,0.426,78,4
0fNLObXT9pvc3VED0oAevd,"5xkAtLTf309LAGZTbvULBn","Free Time","Free Time","Ruel",2019-09-13,218826,56,spotify:user:,2020-11-27T11:38:04Z,"alt z,australian alternative pop,pop",0.637,0.478,11,-5.783,0,0.03,0.101,0,0.103,0.201,99.989,3
39Q20GZHKK0IK8oKkhfxiJ,"2wY79sveU1sp5g7SokKOiI","One Last Song","The Thrill Of It All (Special Edition)","Sam Smith",2017-11-03,192922,0,spotify:user:,2020-11-27T11:38:04Z,"pop,uk pop",0.672,0.53,1,-6.43,1,0.0284,0.367,0,0.321,0.485,103.326,3
4lRSeOZ97LHOFDk5A0opcq,"4GNC7GD6oZMSxPGyXy4MNB","Let It Roll","Divinely Uninspired To A Hellish Extent (Extended Edition)","Lewis Capaldi",2019-11-22,219693,59,spotify:user:,2020-11-27T11:38:04Z,"pop,uk pop",0.616,0.715,6,-4.174,1,0.0345,0.523,0,0.0947,0.634,100.098,4
5xQ1yxKzTuPcSNO9FP0lNS,"0x3PXj1WnuW7YsBxQK57xM","Lay By Me","Melancholic","Ruben",2019-05-03,170830,66,spotify:user:,2020-11-27T11:38:04Z,"norwegian pop",0.461,0.195,10,-7.301,1,0.0352,0.873,0,0.11,0.381,110.193,4
1X9XRjQ6lkHZAouznupAem,"5fywYLnKJi950Y5yMqavxm","I Wish It Was Me - Stripped","Stripped - EP","Etham",2019-02-01,213120,38,spotify:user:,2020-11-27T11:38:04Z,"singer-songwriter pop",0.756,0.297,6,-8.48,0,0.0396,0.487,0,0.0994,0.642,109.963,4
2uCMaUojwuqr8CRGsLoPa6,"2wY79sveU1sp5g7SokKOiI","Make It To Me","In The Lonely Hour (Drowning Shadows Edition)","Sam Smith",2015-11-06,162732,61,spotify:user:,2020-11-27T11:38:04Z,"pop,uk pop",0.456,0.379,1,-8.573,1,0.0685,0.63,0.0000031,0.0983,0.225,149.967,4
5FMSmqgBagV4KSMqMjB2Ro,"4GNC7GD6oZMSxPGyXy4MNB","Bruises - Live Orchestral Version","Bruises EP","Lewis Capaldi",2019-09-27,228986,50,spotify:user:,2020-11-27T11:38:04Z,"pop,uk pop",0.399,0.34,1,-8.936,0,0.0364,0.92,0,0.138,0.393,98.346,4
1FCwkiooaMCY8YpQdSJ0Gc,"7gHscNMDI8FF8pcgrV8eIn","Cringe - Stripped","Bank On The Funeral (Stripped)","Matt Maeson",2019-10-18,223466,54,spotify:user:,2020-11-27T11:38:04Z,"pov: indie",0.752,0.276,5,-8.901,1,0.0463,0.876,0,0.103,0.275,126.135,4
4edtsBlaX23OPYmhA4R0GP,"5fywYLnKJi950Y5yMqavxm","12:45 - Stripped","12:45 (Stripped)","Etham",2018-10-26,179013,62,spotify:user:,2020-11-27T11:38:04Z,"singer-songwriter pop",0.459,0.214,5,-10.66,1,0.0403,0.634,0,0.125,0.397,163.816,4
3fCjfPg7ZkU7Oulze3e2ww,"2wY79sveU1sp5g7SokKOiI","The Thrill Of It All","The Thrill Of It All (Special Edition)","Sam Smith",2017-11-03,208903,0,spotify:user:,2020-11-27T11:38:04Z,"pop,uk pop",0.496,0.279,10,-9.18,1,0.052,0.81,0.0000682,0.11,0.103,127.053,4
4XJ2SmdXNTkMkkx6PFPU8m,"4GNC7GD6oZMSxPGyXy4MNB","Hold Me While You Wait - Recorded at Spotify Studios NYC","Spotify Singles","Lewis Capaldi",2019-06-12,204814,54,spotify:user:,2020-11-27T11:38:04Z,"pop,uk pop",0.733,0.282,4,-9.793,0,0.0391,0.823,0,0.101,0.338,108.039,4
2qXicQG06oT0ijKBznpgQv,"5xkAtLTf309LAGZTbvULBn","Younger","Younger","Ruel",2018-06-05,222320,61,spotify:user:,2020-11-27T11:38:04Z,"alt z,australian alternative pop,pop",0.745,0.477,11,-7.706,0,0.088,0.202,0,0.12,0.454,136.055,4
5pu1NHwlPjOZVx6tP6IyL0,"5fywYLnKJi950Y5yMqavxm","I Wish It Was Me","I Wish It Was Me","Etham",2019-04-26,211080,50,spotify:user:,2020-11-27T11:38:04Z,"singer-songwriter pop",0.57,0.542,6,-8.4,0,0.0771,0.409,0,0.0879,0.753,110.018,4
67aDq4Z8lErpWQ0Ky0xaJo,"2wY79sveU1sp5g7SokKOiI","Say It First","The Thrill Of It All (Special Edition)","Sam Smith",2017-11-03,247554,0,spotify:user:,2020-11-27T11:38:04Z,"pop,uk pop",0.566,0.407,0,-10.293,1,0.0914,0.766,0.000185,0.111,0.156,119.781,4
5HU2B0yEnvg5EUB8FWeoda,"4GNC7GD6oZMSxPGyXy4MNB","Maybe","Divinely Uninspired To A Hellish Extent","Lewis Capaldi",2019-05-17,210116,57,spotify:user:,2020-11-27T11:38:04Z,"pop,uk pop",0.681,0.636,4,-5.485,1,0.0409,0.65,0,0.258,0.341,96.966,4
0TzeZppPwhEhySYaNRulr9,"5JMLG56F1X5mFmWNmS0iAp,3gIRvgZssIb9aiirIg0nI3","please","brent","Chelsea Cutler,Jeremy Zucker",2019-05-03,219066,57,spotify:user:,2020-11-27T11:38:04Z,"alt z,electropop,pop",0.718,0.166,6,-15.82,0,0.0344,0.887,0.0216,0.131,0.237,97.947,4
7zFXmv6vqI4qOt4yGf3jYZ,"20wkVLutqVOYrc0kxFs7rA,1U1el3k54VvEUzo3ybLPlM","Get You (feat. Kali Uchis)","Freudian","Daniel Caesar,Kali Uchis",2017-08-25,278179,85,spotify:user:,2020-11-27T11:38:04Z,"canadian contemporary r&b,colombian pop",0.658,0.294,4,-8.533,0,0.0321,0.422,0.000052,0.0749,0.358,74.038,4
6hPFEpT7bVguj9aCFLOmiz,"2wY79sveU1sp5g7SokKOiI","Midnight Train","The Thrill Of It All (Special Edition)","Sam Smith",2017-11-03,207164,0,spotify:user:,2020-11-27T11:38:04Z,"pop,uk pop",0.713,0.597,4,-7.117,1,0.0692,0.377,0.0000286,0.179,0.399,96.06,4
4h2tsEvwk25eHrE7hJlnqB,"4GNC7GD6oZMSxPGyXy4MNB","Mercy","Bloom - EP","Lewis Capaldi",2017-10-20,219813,61,spotify:user:,2020-11-27T11:38:04Z,"pop,uk pop",0.628,0.57,6,-7.99,1,0.0375,0.0707,0,0.182,0.369,96.129,4
6r2JV75tE0vNgNCv4HKsBC,"3gIRvgZssIb9aiirIg0nI3","scared","brent","Jeremy Zucker",2019-05-03,207520,62,spotify:user:,2020-11-27T11:38:04Z,"alt z,electropop,pop",0.583,0.075,5,-15.843,1,0.0726,0.933,0.0000014,0.111,0.347,108.418,4
1FDV80LC5JnTDAEjPDovER,"2nJYGgfTf2846LtVB3AES8","Worthy Of You","First & Foremost","Plested",2018-12-06,190619,50,spotify:user:,2020-11-27T11:38:04Z,"indie anthem-folk,singer-songwriter pop",0.451,0.452,1,-9.363,0,0.0574,0.439,0,0.478,0.386,57.523,4
5UFvcTCbp9P057YbRNsJ3U,"2wY79sveU1sp5g7SokKOiI","Palace","The Thrill Of It All (Special Edition)","Sam Smith",2017-11-03,187156,0,spotify:user:,2020-11-27T11:38:04Z,"pop,uk pop",0.345,0.193,6,-10.236,0,0.0328,0.74,0.0000042,0.117,0.268,77.547,4
7tTRP2vA00uScZ4SjB3ZQZ,"4GNC7GD6oZMSxPGyXy4MNB,3KedxarmBCyFBevnqQHy3P","Rush (feat. Jessie Reyez)","Rush (feat. Jessie Reyez)","Lewis Capaldi,Jessie Reyez",2018-02-23,198351,66,spotify:user:,2020-11-27T11:38:04Z,"pop,uk pop,canadian contemporary r&b,canadian pop",0.631,0.609,1,-7.394,1,0.0886,0.565,0,0.635,0.38,119.636,4
4MVolTUnON9XZqmzn7kNeW,"3gIRvgZssIb9aiirIg0nI3","Weakness","Weakness","Jeremy Zucker",2016-02-09,245333,43,spotify:user:,2020-11-27T11:38:04Z,"alt z,electropop,pop",0.489,0.224,9,-11.305,0,0.0617,0.883,0.00000249,0.496,0.296,118.283,4
1ZMiCix7XSAbfAJlEZWMCp,"6KImCVD70vtIoJWnq6nGn3","Falling","Fine Line","Harry Styles",2019-12-13,240133,85,spotify:user:,2020-11-27T11:38:04Z,"pop",0.567,0.267,4,-6.502,1,0.0299,0.839,0.00000146,0.089,0.0592,110.011,4
4dtU73n96G2Qutw4rJ7cOc,"2wY79sveU1sp5g7SokKOiI","Drowning Shadows","In The Lonely Hour (Drowning Shadows Edition)","Sam Smith",2015-11-06,253959,41,spotify:user:,2020-11-27T11:38:04Z,"pop,uk pop",0.289,0.334,7,-8.042,1,0.0311,0.906,0.0000172,0.0938,0.287,67.916,4
6700Z4Izi8EbB6JNthU6Ma,"4GNC7GD6oZMSxPGyXy4MNB","Hold Me While You Wait","Hold Me While You Wait","Lewis Capaldi",2019-05-03,205686,67,spotify:user:,2020-11-27T11:38:04Z,"pop,uk pop",0.688,0.53,11,-5.507,1,0.0333,0.443,0,0.0995,0.162,106.958,4
4PyMK7JTcu6l30D8KogokR,"3gIRvgZssIb9aiirIg0nI3","supercuts","supercuts","Jeremy Zucker",2020-07-24,206599,60,spotify:user:,2020-11-27T11:38:04Z,"alt z,electropop,pop",0.807,0.539,11,-8.193,1,0.124,0.0789,0,0.0928,0.755,127.992,4
6GMblDhPDP420uc77vmqTc,"20wkVLutqVOYrc0kxFs7rA","Won't Live Here","Won't Live Here","Daniel Caesar",2016-03-28,312114,57,spotify:user:,2020-11-27T11:38:04Z,"canadian contemporary r&b",0.315,0.227,5,-13.27,0,0.0313,0.904,0,0.377,0.199,140.071,4
0FDabUXsNRn1yS65CzEF2Y,"2wY79sveU1sp5g7SokKOiI","Love Is A Losing Game","In The Lonely Hour (Drowning Shadows Edition)","Sam Smith",2015-11-06,177690,38,spotify:user:,2020-11-27T11:38:04Z,"pop,uk pop",0.24,0.232,0,-8.934,1,0.0351,0.948,0.0000306,0.11,0.182,74.612,4
1r0OCo6yO9SSqXJCrVDEm0,"4GNC7GD6oZMSxPGyXy4MNB","Fade","Bloom - EP","Lewis Capaldi",2017-10-20,244053,39,spotify:user:,2020-11-27T11:38:04Z,"pop,uk pop",0.419,0.412,7,-10.384,1,0.0453,0.258,0,0.0939,0.094,137.916,4
2b2LUjMx9LKwIARJf93Rbd,"3gIRvgZssIb9aiirIg0nI3","not ur friend","love is not dying","Jeremy Zucker",2020-04-17,174520,59,spotify:user:,2020-11-27T11:38:04Z,"alt z,electropop,pop",0.778,0.313,4,-9.288,1,0.421,0.301,0,0.667,0.707,68.936,4
5VEHaQwMTluOyIFRx6VrkZ,"5xkAtLTf309LAGZTbvULBn","Unsaid","Free Time","Ruel",2019-09-13,227040,50,spotify:user:,2020-11-27T11:38:04Z,"alt z,australian alternative pop,pop",0.532,0.433,11,-6.964,1,0.0933,0.385,0,0.355,0.267,77.04,4
5vUNRJsvEOUsz4sbKkJpFr,"2wY79sveU1sp5g7SokKOiI","Latch - Acoustic","In The Lonely Hour (Drowning Shadows Edition)","Sam Smith",2015-11-06,223429,56,spotify:user:,2020-11-27T11:38:04Z,"pop,uk pop",0.372,0.247,8,-8.706,1,0.0273,0.981,0.000223,0.11,0.239,96.17,4
6UQGNRfns3nW2Nryl4aEGh,"4GNC7GD6oZMSxPGyXy4MNB","Something Borrowed - Demo","Breach","Lewis Capaldi",2018-11-08,195160,57,spotify:user:,2020-11-27T11:38:04Z,"pop,uk pop",0.403,0.474,9,-5.643,1,0.0416,0.554,0,0.13,0.261,167.416,4
0Ndim92MYsrFSseD9gbBcg,"6AcOTCYBMvjKYy4zms0kaC","Vas A Llorar Por Mí","Haciendo Historia","Banda El Recodo",2013-01-01,210280,67,spotify:user:,2020-11-27T11:38:04Z,"banda,banda sinaloense,musica mexicana,norteno",0.47,0.41,0,-3.672,1,0.0335,0.59,0,0.088,0.848,167.658,4
072PI4U52gO1NasX4Lpv7Z,"5xkAtLTf309LAGZTbvULBn","Real Thing","Real Thing","Ruel",2019-08-30,192326,43,spotify:user:,2020-11-27T11:38:04Z,"alt z,australian alternative pop,pop",0.671,0.586,4,-6.477,0,0.0786,0.133,0,0.383,0.478,125.806,4
5rFj8OzffT0iggSjcBaeND,"2wY79sveU1sp5g7SokKOiI","Fire On Fire - From Watership Down","Fire On Fire (From Watership Down)","Sam Smith",2018-12-21,246735,67,spotify:user:,2020-11-27T11:38:04Z,"pop,uk pop",0.584,0.407,1,-7.356,0,0.046,0.476,0,0.18,0.341,115.124,4
4qMu6LIImRJVbxB70bdFJj,"5fywYLnKJi950Y5yMqavxm","Opposite Of Loving Me - Stripped","Opposite Of Loving Me (Stripped)","Etham",2018-12-14,211760,49,spotify:user:,2020-11-27T11:38:04Z,"singer-songwriter pop",0.618,0.292,7,-10.826,0,0.0422,0.756,0,0.114,0.486,144.963,4
0lQw1AoV5ZUAatpZN0Lrl5,"6AcOTCYBMvjKYy4zms0kaC","Me Gusta Todo De Ti","Romances","Banda El Recodo",2012-01-01,184173,62,spotify:user:,2020-11-27T11:38:04Z,"banda,banda sinaloense,musica mexicana,norteno",0.626,0.684,10,-2.71,1,0.0329,0.538,0.00016,0.0832,0.866,154.202,3
2TIlqbIneP0ZY1O0EzYLlc,"4GNC7GD6oZMSxPGyXy4MNB","Someone You Loved","Breach","Lewis Capaldi",2018-11-08,182160,74,spotify:user:,2020-11-27T11:38:04Z,"pop,uk pop",0.501,0.405,1,-5.679,1,0.0319,0.751,0,0.105,0.446,109.891,4
7795WJLVKJoAyVoOtCWqXN,"2wY79sveU1sp5g7SokKOiI","I'm Not The Only One","In The Lonely Hour","Sam Smith",2014-05-26,239316,87,spotify:user:,2020-11-27T11:38:04Z,"pop,uk pop",0.677,0.485,5,-5.795,1,0.0361,0.529,0.0000204,0.0766,0.493,82.001,4
5zEGGvSNvq69CttD8hECQu,"3gIRvgZssIb9aiirIg0nI3","Heavy","Motions","Jeremy Zucker",2017-05-26,192053,36,spotify:user:,2020-11-27T11:38:04Z,"alt z,electropop,pop",0.911,0.415,4,-8.784,0,0.0615,0.229,0.0000809,0.112,0.803,102.011,3
6TMqwd7izRsVz89MN8rKRg,"6AcOTCYBMvjKYy4zms0kaC","Sin Respiración","La Mejor De Todas","Banda El Recodo",2011-01-01,206080,46,spotify:user:,2020-11-27T11:38:04Z,"banda,banda sinaloense,musica mexicana,norteno",0.576,0.536,2,-5.078,1,0.0307,0.398,0,0.293,0.885,160.194,3
6H7fWtwEUHVfTyZD7zeG4w,"4GNC7GD6oZMSxPGyXy4MNB","when the party's over - Recorded at Spotify Studios NYC","Spotify Singles","Lewis Capaldi",2019-06-12,232837,67,spotify:user:,2020-11-27T11:38:04Z,"pop,uk pop",0.509,0.183,10,-10.27,1,0.0377,0.946,0,0.0914,0.258,117.354,3
2QXmZCQwDsXxSgAGEEY5ep,"2wY79sveU1sp5g7SokKOiI","Nirvana","In The Lonely Hour (Drowning Shadows Edition)","Sam Smith",2015-11-06,202268,47,spotify:user:,2020-11-27T11:38:04Z,"pop,uk pop",0.501,0.578,0,-8.108,1,0.0475,0.528,0.00241,0.101,0.393,97.808,5
4IlzIqULsKpVz0b0kUbyO1,"5fywYLnKJi950Y5yMqavxm","Purpose - Stripped","Purpose (Stripped)","Etham",2019-01-04,196413,47,spotify:user:,2020-11-27T11:38:04Z,"singer-songwriter pop",0.422,0.29,8,-9.702,1,0.0414,0.67,0,0.109,0.517,155.292,5
33i30iRaIfo7ABAaT5oqDy,"2C6i0I5RiGzDKN9IAF8reh","Piénsalo - Inédita","En Vivo Guadalajara - Monterrey (Live)","Banda MS de Sergio Lizárraga",2015-08-28,155973,24,spotify:user:,2020-11-27T11:38:04Z,"banda,musica mexicana,norteno",0.804,0.867,7,-4.381,1,0.0653,0.233,0,0.252,0.956,157.358,3
2IOFZdYYkFxEHVz1w34PoL,"6KImCVD70vtIoJWnq6nGn3","Cherry","Fine Line","Harry Styles",2019-12-13,259186,75,spotify:user:,2020-11-27T11:38:04Z,"pop",0.53,0.512,7,-9.261,1,0.0259,0.615,0.00453,0.129,0.411,95.946,4
7FyhrRNRJOZSM8IeuAx7su,"2wY79sveU1sp5g7SokKOiI","Burning","The Thrill Of It All (Special Edition)","Sam Smith",2017-11-03,203289,0,spotify:user:,2020-11-27T11:38:04Z,"pop,uk pop",0.631,0.224,6,-9.383,1,0.0417,0.885,0,0.282,0.365,86.936,4
4wJaoAVSc8X5rBhmoGdtvp,"3gIRvgZssIb9aiirIg0nI3","julia","love is not dying","Jeremy Zucker",2020-04-17,260866,50,spotify:user:,2020-11-27T11:38:04Z,"alt z,electropop,pop",0.541,0.308,9,-10.059,1,0.0577,0.74,0.00000643,0.0949,0.172,130.016,4
5vjLSffimiIP26QG5WcN2K,"5D3muNJhYYunbRkh3FKgX0","Hold On","Hold On","Chord Overstreet",2017-02-03,198853,83,spotify:user:,2020-11-27T11:38:04Z,"acoustic pop",0.618,0.443,2,-9.681,1,0.0526,0.469,0,0.0829,0.167,119.949,4
29PxufWz3XMzF0kwwRT30t,"5L6QAKAkdJIPLsNbItZ2KF","Almas Gemelas","Lo Mejor De","El Trono de Mexico",2012-01-01,212026,39,spotify:user:,2020-11-27T11:38:04Z,"banda,duranguense,grupera,musica mexicana,norteno",0.69,0.626,3,-3.552,1,0.0306,0.232,0.0000175,0.236,0.886,129.951,4
2ZTYlnhhV1UAReg7wIGolx,"2wY79sveU1sp5g7SokKOiI","To Die For","To Die For","Sam Smith",2020-02-14,193795,67,spotify:user:,2020-11-27T11:38:04Z,"pop,uk pop",0.483,0.361,0,-7.889,1,0.0738,0.832,0.00000466,0.098,0.307,171.649,4
7wvGqKrlZ1nWEkfi7SHfzq,"4bPiOPI4V99cepEftvBYak","Tiempo","Tiempo","Banda Los Recoditos",2017-08-04,174840,31,spotify:user:,2020-11-27T11:38:04Z,"banda,musica mexicana,norteno",0.698,0.466,2,-5.865,1,0.0316,0.439,0,0.0885,0.562,135.94,4
2awExtNBABpwOFC78XViJd,"5xkAtLTf309LAGZTbvULBn","Not Thinkin' Bout You","Ready","Ruel",2018-06-15,188387,56,spotify:user:,2020-11-27T11:38:04Z,"alt z,australian alternative pop,pop",0.66,0.357,10,-8.55,0,0.0594,0.267,0,0.0857,0.518,119.835,4
5JaMGjY9Ltvo9CFQfmUdYW,"2C6i0I5RiGzDKN9IAF8reh","Mi Razón De Ser","Mi Razón De Ser","Banda MS de Sergio Lizárraga",2012-01-01,210493,4,spotify:user:,2020-11-27T11:38:04Z,"banda,musica mexicana,norteno",0.726,0.537,2,-5.772,0,0.0286,0.468,0,0.192,0.454,124.953,4
1Mq7LNrriO4dUoLO4gbrOY,"4hwbEkmTTgBuc7sYVKA5PN","I'm Not Okay...","I'm Not Okay...","Ben Lawrence",2020-04-03,186206,28,spotify:user:,2020-11-27T11:38:04Z,"",0.733,0.2,3,-8.786,1,0.0397,0.877,0.000028,0.107,0.269,117.046,4
33XISWpHJRbAvFSMW1y44A,"4bPiOPI4V99cepEftvBYak","Me Sobrabas Tú","Sueño XXX","Banda Los Recoditos",2014-09-02,181986,70,spotify:user:,2020-11-27T11:38:04Z,"banda,musica mexicana,norteno",0.729,0.507,0,-4.94,1,0.0486,0.698,0,0.26,0.961,154.926,3
0A472qovEW32nP2G0mkJoe,"5xkAtLTf309LAGZTbvULBn","Don't Cry","Free Time","Ruel",2019-09-13,187106,46,spotify:user:,2020-11-27T11:38:04Z,"alt z,australian alternative pop,pop",0.477,0.275,5,-10.091,1,0.0675,0.908,0.00000479,0.0909,0.263,72.717,4
7ENNmSQQajwKTPX0m7ejYA,"5j9R5dTGerKvdXopZnfJh9","Tragos Amargos","Cruzando Fronteras","Ramon Ayala Y Sus Bravos Del Norte",2010-10-06,164026,56,spotify:user:,2020-11-27T11:38:04Z,"musica mexicana,norteno",0.568,0.498,0,-5.75,1,0.0654,0.544,0.0000037,0.0777,0.599,155.121,3
0LHMXFPiAn356c7ooXfCR4,"5fywYLnKJi950Y5yMqavxm","Control - Acoustic","Better Now - EP (Acoustic)","Etham",2018-10-19,249106,18,spotify:user:,2020-11-27T11:38:04Z,"singer-songwriter pop",0.557,0.311,7,-7.756,1,0.0595,0.616,0,0.264,0.435,116.397,4
3XXGqZX50zbGqSOup74UH2,"4GNC7GD6oZMSxPGyXy4MNB","Tough","Tough","Lewis Capaldi",2018-06-08,229282,59,spotify:user:,2020-11-27T11:38:04Z,"pop,uk pop",0.627,0.715,1,-5.019,1,0.0329,0.127,0,0.0768,0.481,115.005,4
3YwEMdP2zkOiIq074Vlvqc,"4LFOoXhMhnq9U8VsZkSwxl","Fíjate Que Si","Me Hiciste un Borracho","Edwin Luna y La Trakalosa de Monterrey",2019-03-22,204586,1,spotify:user:,2020-11-27T11:38:04Z,"banda,musica mexicana,norteno,sad sierreno",0.69,0.434,4,-4.455,1,0.033,0.385,0,0.104,0.617,115.476,3
2vlIZuftr5G7S3VYYzxYww,"2C6i0I5RiGzDKN9IAF8reh","Increíble","Las Bandas Románticas","Banda MS de Sergio Lizárraga",2016-01-29,168693,0,spotify:user:,2020-11-27T11:38:04Z,"banda,musica mexicana,norteno",0.679,0.625,8,-5.351,1,0.0459,0.6,0.0000287,0.0588,0.961,165.026,3
6J2LdBN97cDWn0MLxYh9HB,"55fhWPvDiMpLnE4ZzNXZyW","July","THE END OF EVERYTHING","Noah Cyrus",2020-05-15,156106,83,spotify:user:,2020-11-27T11:38:04Z,"alt z,pop",0.708,0.186,9,-8.953,0,0.042,0.868,0,0.0779,0.322,72.541,4
4RtlhOoWNO5ReUwdmTdTcG,"4GNC7GD6oZMSxPGyXy4MNB","Headspace","Divinely Uninspired To A Hellish Extent","Lewis Capaldi",2019-05-17,306801,54,spotify:user:,2020-11-27T11:38:04Z,"pop,uk pop",0.368,0.228,11,-9.183,1,0.0335,0.865,0.00000199,0.111,0.194,146.881,3
2wHA4yJKT8TJhGz20QxUqX,"543ccHFPnZfJMD8tRGPtu7","Tell Me That You Love Me","Tell Me That You Love Me","James Smith",2018-12-06,194658,24,spotify:user:,2020-11-27T11:38:04Z,"uk pop",0.536,0.317,6,-8.752,1,0.0359,0.402,0,0.11,0.319,143.89,4
0Bp2HyJokMjjgxA1TKrU7P,"2aZtzjAzD8fq3OhZ9egqda","Fue Su Amor","Tu Inspiracion","Alacranes Musical",2008-01-01,183106,53,spotify:user:,2020-11-27T11:38:04Z,"duranguense,musica mexicana",0.681,0.866,7,-2.519,1,0.0463,0.298,0,0.0499,0.885,144.431,3
0sBa04pBFlGlWqPKkDamRp,"5fywYLnKJi950Y5yMqavxm","Running Out - Stripped","Running Out (Stripped)","Etham",2019-08-09,213746,37,spotify:user:,2020-11-27T11:38:04Z,"singer-songwriter pop",0.757,0.418,0,-7.332,0,0.0632,0.236,0,0.0917,0.818,126.983,4
2EM9zpAc7PVeoAydmbfVIL,"0UWZUmn7sybxMCqrw9tGa7","La Camisa Negra","Mi Sangre","Juanes",2004-01-01,216706,76,spotify:user:,2020-11-27T11:38:04Z,"colombian pop,latin pop,mexican pop,rock en espanol",0.751,0.731,6,-4.419,0,0.0308,0.0838,0,0.0556,0.973,97.007,4
3EjuEvxoNgHV6urIdPA4cl,"6AcOTCYBMvjKYy4zms0kaC","Te Presumo","Te Presumo","Banda El Recodo",2008-01-01,192973,69,spotify:user:,2020-11-27T11:38:04Z,"banda,banda sinaloense,musica mexicana,norteno",0.597,0.469,8,-6.143,1,0.0293,0.684,0.000416,0.166,0.696,145.234,3
69vToJ9BMbbLlFZo7k7A7B,"6ydoSd3N2mwgwBHtF6K7eX","You Are The Reason","Only Human (Deluxe)","Calum Scott",2018-03-09,204326,81,spotify:user:,2020-11-27T11:38:04Z,"pop",0.329,0.235,10,-7.699,1,0.0303,0.918,0,0.137,0.22,171.006,3
2UTHTASTtmJXiBUmSIXERT,"5fywYLnKJi950Y5yMqavxm","Before I Lose My Mind - Stripped","Before I Lose My Mind (Stripped)","Etham",2018-11-16,226646,51,spotify:user:,2020-11-27T11:38:04Z,"singer-songwriter pop",0.635,0.247,0,-11.141,0,0.0387,0.608,0,0.111,0.181,124.813,4
5TueyPDnDMPSRdQd7VYooI,"3hYtANQYrE6pd2PbtEyTIy","La Puerta Negra","Gracias America Sin Fronteras","Los Tigres Del Norte",1989-01-01,203586,72,spotify:user:,2020-11-27T11:38:04Z,"banda,musica mexicana,norteno,ranchera",0.698,0.54,4,-8.986,1,0.0331,0.315,0.00000225,0.288,0.969,108.101,4
4jAIqgrPjKLTY9Gbez25Qb,"6KImCVD70vtIoJWnq6nGn3","Lights Up","Fine Line","Harry Styles",2019-12-13,172213,74,spotify:user:,2020-11-27T11:38:04Z,"pop",0.575,0.621,10,-8.165,0,0.032,0.0392,0.0045,0.141,0.27,101.987,4
359lSGQwvAM3aZA5UNwqiQ,"4EzkuveR9pLvDVFNx6foYD","If You Ever Wanna Be In Love - James Bay Spotify Session 2015","James Bay Spotify Session 2015","James Bay",2015-08-07,236786,65,spotify:user:,2020-11-27T11:38:04Z,"neo mellow,pop,uk pop",0.68,0.315,11,-8.425,1,0.0391,0.913,0,0.712,0.361,117.614,4
6JHT3RjzJQ4urejzwEmfvb,"5fywYLnKJi950Y5yMqavxm","Healing Of Time - Stripped","Healing Of Time (Stripped)","Etham",2019-10-11,208665,26,spotify:user:,2020-11-27T11:38:04Z,"singer-songwriter pop",0.36,0.5,0,-7.881,1,0.092,0.346,0,0.473,0.403,199.592,3
